{"stat.drop.minecraft.stone_pickaxe":1,"stat.useItem.minecraft.chain_command_block":16,"stat.pickup.minecraft.redstone_torch":1,"stat.leaveGame":18,"stat.pickup.minecraft.stone_pickaxe":7,"stat.useItem.minecraft.skull":58,"stat.swimOneCm":10048,"stat.useItem.minecraft.planks":156,"stat.climbOneCm":2848,"stat.useItem.minecraft.gray_shulker_box":2,"stat.useItem.minecraft.end_rod":39,"stat.useItem.minecraft.redstone_torch":15,"stat.useItem.minecraft.dirt":153,"stat.useItem.minecraft.stone_slab2":61,"stat.useItem.minecraft.water_bucket":12,"stat.useItem.minecraft.red_flower":2,"stat.useItem.minecraft.detector_rail":7,"stat.useItem.minecraft.rail":42,"stat.useItem.minecraft.anvil":1,"stat.useItem.minecraft.brick_block":57,"stat.flyOneCm":831656,"stat.pickup.minecraft.redstone":1,"stat.timeSinceDeath":769923,"stat.useItem.minecraft.sign":18,"stat.useItem.minecraft.wooden_slab":66,"stat.useItem.minecraft.lever":22,"stat.useItem.minecraft.potato":6,"stat.useItem.minecraft.oak_stairs":66,"stat.furnaceInteraction":1,"stat.useItem.minecraft.silver_shulker_box":12,"stat.useItem.minecraft.chest_minecart":8,"stat.pickup.minecraft.snow_layer":1,"stat.pickup.minecraft.filled_map":7,"stat.useItem.minecraft.minecart":12,"stat.useItem.minecraft.redstone":22,"stat.useItem.minecraft.sea_lantern":66,"stat.useItem.minecraft.written_book":10,"stat.useItem.minecraft.trapdoor":2,"stat.sprintOneCm":211682,"stat.useItem.minecraft.stained_glass":187,"stat.useItem.minecraft.stone_stairs":49,"stat.useItem.minecraft.stone_slab":31,"stat.useItem.minecraft.ice":3,"stat.useItem.minecraft.bed":3,"stat.useItem.minecraft.flint_and_steel":4,"stat.useItem.minecraft.wheat_seeds":4,"stat.useItem.minecraft.wooden_button":1,"stat.useItem.minecraft.dye":20,"stat.useItem.minecraft.bucket":7,"stat.pickup.minecraft.lever":2,"stat.drop":6,"stat.playOneMinute":769923,"stat.useItem.minecraft.ladder":10,"stat.useItem.minecraft.diamond_ore":22,"stat.pickup.minecraft.item_frame":1,"stat.diveOneCm":12648,"stat.chestOpened":45,"stat.useItem.minecraft.sticky_piston":6,"stat.pickup.minecraft.sign":1,"stat.useItem.minecraft.stone":682,"stat.pickup.minecraft.wooden_pressure_plate":1,"stat.drop.minecraft.ladder":1,"stat.pickup.minecraft.purple_shulker_box":3,"stat.useItem.minecraft.packed_ice":10,"stat.useItem.minecraft.flower_pot":3,"stat.useItem.minecraft.bedrock":81,"stat.jump":1403,"stat.useItem.minecraft.iron_trapdoor":2,"stat.useItem.minecraft.wooden_hoe":10,"stat.fallOneCm":21789,"stat.drop.minecraft.stone":1,"stat.useItem.minecraft.piston":1,"stat.crouchOneCm":5985,"stat.pickup.minecraft.rail":12,"stat.useItem.minecraft.stone_button":2,"stat.pickup.minecraft.diamond_ore":1,"stat.useItem.minecraft.glass":2,"stat.useItem.minecraft.sapling":12,"stat.useItem.minecraft.redstone_lamp":19,"stat.useItem.minecraft.golden_rail":7,"stat.damageTaken":80,"stat.pickup.minecraft.written_book":3,"stat.mineBlock.minecraft.torch":1,"stat.useItem.minecraft.furnace":1,"stat.drop.minecraft.water_bucket":1,"stat.useItem.minecraft.carrot_on_a_stick":80,"stat.useItem.minecraft.purple_shulker_box":14,"stat.useItem.minecraft.magma":2,"stat.damageDealt":30,"stat.useItem.minecraft.snow_layer":13,"stat.useItem.minecraft.wool":8,"stat.killEntity.Silverfish":1,"stat.flowerPotted":2,"stat.useItem.minecraft.iron_bars":4,"stat.useItem.minecraft.command_block":135,"stat.walkOneCm":647619,"stat.useItem.minecraft.torch":136,"stat.useItem.minecraft.chest":12,"stat.drop.minecraft.diamond_ore":1,"stat.useItem.minecraft.observer":9,"stat.useItem.minecraft.log":62,"stat.useItem.minecraft.cobblestone":28,"stat.useItem.minecraft.gravel":10,"stat.minecartOneCm":45415,"stat.useItem.minecraft.redstone_block":31,"stat.useItem.minecraft.item_frame":14,"stat.shulkerBoxOpened":25,"stat.pickup.minecraft.stone":1,"stat.pickup.minecraft.sapling":5,"stat.useItem.minecraft.leaves":402,"stat.pickup.minecraft.apple":1,"stat.pickup.minecraft.ladder":9,"stat.useItem.minecraft.fireworks":86,"stat.useItem.minecraft.glass_pane":12,"stat.useItem.minecraft.netherrack":2,"stat.pickup.minecraft.carrot_on_a_stick":1,"stat.useItem.minecraft.barrier":53,"stat.useItem.minecraft.wooden_pressure_plate":2,"stat.mobKills":1,"stat.useItem.minecraft.stonebrick":5,"stat.useItem.minecraft.wooden_door":1,"stat.drop.minecraft.written_book":1,"stat.useItem.minecraft.monster_egg":12,"stat.pickup.minecraft.water_bucket":4,"stat.useItem.minecraft.spruce_door":3,"stat.useItem.minecraft.cobblestone_wall":13,"stat.pickup.minecraft.torch":6,"stat.sneakTime":10576,"stat.useItem.minecraft.map":11,"stat.pickup.minecraft.golden_rail":2,"stat.useItem.minecraft.sandstone":2}